"You can use this transaction report to inform your likely tax obligations. For US customers, Sells, Converts, and Rewards Income, and Coinbase Earn transactions are taxable events. For final tax obligations, please consult your tax advisor."



Transactions
User,rorywhybrow@gmail.com,59ee4cc8c5945c02a7b7f27e

Timestamp,Transaction Type,Asset,Quantity Transacted,USD Spot Price at Transaction,USD Subtotal,USD Total (inclusive of fees),USD Fees,Notes
2018-01-01T17:22:29Z,Buy,BTC,0.0064,9979.69,63.87,66.86,2.99,Bought 0.0064 BTC for £66.86 GBP
2018-01-01T17:27:33Z,Buy,BTC,0.001,9980.00,9.98,10.97,0.990000,Bought 0.0010 BTC for £10.97 GBP
2018-01-01T17:29:16Z,Send,BTC,0.0074,9743.07,"","","",Sent 0.0074 BTC to 18iXVdwWvQmCLkJLvxtHcutLH4dvKrdvGL
2018-01-08T21:25:04Z,Buy,BTC,0.0055,11287.27,62.08,65.07,2.99,Bought 0.0055 BTC for £65.07 GBP
2018-01-08T21:34:40Z,Send,BTC,0.00539234,11059.08,"","","",Sent 0.00539234 BTC to 1H6es6fBGpuqF7qcEJmAzvynj3aq4wmJDA
2018-01-16T15:59:04Z,Buy,BTC,0.0064,9173.44,58.71,61.70,2.99,Bought 0.0064 BTC for £61.70 GBP
2018-01-16T16:00:43Z,Send,BTC,0.00650766,8914.08,"","","",Sent 0.00650766 BTC to 17vJHSr2HAioNAzzMke4zEhNiqVLLUitSX
2018-03-12T18:25:08Z,Buy,BTC,0.0011,6727.27,7.40,8.39,0.990000,Bought 0.0011 BTC for £8.39 GBP
2018-03-12T18:26:31Z,Send,BTC,0.0011,6600.52,"","","",Sent 0.0011 BTC to 1Lq18bPHUAfRR5eJuctWPbifWZhCMo3aPg
2018-05-15T23:09:39Z,Buy,BTC,0.0116,6327.59,73.40,76.39,2.99,Bought 0.0116 BTC for £76.39 GBP
2018-05-15T23:14:22Z,Send,BTC,0.0116,6274.78,"","","",Sent 0.0116 BTC to 13iHMRpVutMewEjVheC9VTKUe9Dqry1fMT
2018-05-21T20:06:15Z,Buy,BTC,0.00145,6296.55,9.13,10.12,0.990000,Bought 0.00145 BTC for £10.12 GBP
2018-05-21T20:07:33Z,Send,BTC,0.00145,6230.59,"","","",Sent 0.00145 BTC to 1FvfZRePmGcZe8BWtzKanUnyKpt3Mc4tW9
2018-05-22T19:42:38Z,Buy,BTC,0.0013,6138.46,7.98,8.97,0.990000,Bought 0.0013 BTC for £8.97 GBP
2018-05-22T19:43:24Z,Send,BTC,0.0013,6079.82,"","","",Sent 0.0013 BTC to 1HTSs8F9rqDu8zVEeCJ4rHS3fFCKHDPjGJ
2018-09-24T16:14:26Z,Buy,BTC,0.05,5069.40,253.47,263.58,10.11,Bought 0.0500 BTC for £263.58 GBP
2018-09-24T16:16:29Z,Send,BTC,0.05,5032.81,"","","",Sent 0.0500 BTC to 36oo5yb8a5hBMDkVsYdKWZGjEoacz85MxB
2018-09-24T16:35:22Z,Buy,BTC,0.0085,5065.88,43.06,45.05,1.99,Bought 0.0085 BTC for £45.05 GBP
2018-09-24T16:38:42Z,Send,BTC,0.0085,5034.45,"","","",Sent 0.0085 BTC to 38bBi4k3QY1J1EATniFTMqF5XCLNJgWnZX
2018-09-26T21:51:13Z,Buy,BTC,0.0072,4948.61,35.63,37.62,1.99,Bought 0.0072 BTC for £37.62 GBP
2018-09-26T21:52:00Z,Send,BTC,0.0072,4910.06,"","","",Sent 0.0072 BTC to 18hYAkW64ndoPUWFXVv9MoRK5A414xwCPe
2018-10-19T12:55:58Z,Buy,BTC,0.00832,4948.32,41.17,43.16,1.99,Bought 0.00832 BTC for £43.16 GBP
2018-10-19T12:56:51Z,Send,BTC,0.00832,4895.92,"","","",Sent 0.00832 BTC to 3Mg5eDVG4ooLNrm86NFTNNnGwENnPpWxKF
2018-10-25T07:44:20Z,Buy,BTC,0.0624,5053.53,315.34,327.92,12.58,Bought 0.0624 BTC for £327.92 GBP
2018-10-25T07:45:48Z,Send,BTC,0.0624,4956.93,"","","",Sent 0.0624 BTC to 3PiauYw7jFZL8ntZy4P2Qw1emMfyU9T6Zc
2018-11-27T13:56:22Z,Buy,BTC,0.0618,2958.25,182.82,190.11,7.29,Bought 0.0618 BTC for £190.11 GBP
2018-11-27T13:57:44Z,Send,BTC,0.0618,2898.99,"","","",Sent 0.0618 BTC to 3839mecUXP7FBm2iYyEUGikGEqFysrEaxb
2018-11-27T14:07:10Z,Buy,BTC,0.0015,2953.33,4.43,5.42,0.990000,Bought 0.0015 BTC for £5.42 GBP
2018-11-27T14:08:09Z,Send,BTC,0.0015,2908.94,"","","",Sent 0.0015 BTC to 3FqQND4fCbp7BnVUSy4kAFdCXcaVR8LuF2
2018-12-17T23:48:07Z,Buy,BTC,0.0436,2802.29,122.18,127.05,4.87,Bought 0.0436 BTC for £127.05 GBP
2018-12-18T00:04:26Z,Send,BTC,0.0431637,2775.98,"","","",Sent 0.0431637 BTC to 1A25U6UE4REqo42gvjhiMQCFiDMWVuAZGW
2018-12-18T13:26:02Z,Send,BTC,0.0004363,2769.37,"","","",Sent 0.0004363 BTC to 17PPTMQesxE1Swn9QGbDUJUvTa2pRF7DAG
2018-12-18T13:28:02Z,Buy,BTC,0.0004,2825.00,1.13,2.12,0.990000,Bought 0.0004 BTC for £2.12 GBP
2018-12-18T13:28:35Z,Send,BTC,0.0004,2769.37,"","","",Sent 0.0004 BTC to 17PPTMQesxE1Swn9QGbDUJUvTa2pRF7DAG
2019-01-20T18:01:16Z,Buy,BTC,0.00625,2787.20,17.42,18.91,1.49,Bought 0.00625 BTC for £18.91 GBP
2019-01-20T18:03:10Z,Send,BTC,0.00616361,2736.18,"","","",Sent 0.00616361 BTC to 1AxY5tCeupQkV3gE5AGQesgbVExzmS26vE
2019-01-23T13:42:35Z,Buy,BTC,0.00367,2771.12,10.17,11.66,1.49,Bought 0.00367 BTC for £11.66 GBP
2019-01-23T13:44:50Z,Send,BTC,0.00375363,2746.55,"","","",Sent 0.00375363 BTC to 39qw2jzWtn7y4dukMxgUiUUunbSTW7BX9B
2019-01-31T21:12:55Z,Buy,BTC,0.025,2628.40,65.71,68.70,2.99,Bought 0.0250 BTC for £68.70 GBP
2019-01-31T21:16:03Z,Send,BTC,0.02444304,2607.84,"","","",Sent 0.02444304 BTC to 37Sz5m2ZKqF1swdHWzubzZFVbNZAV3Q9iA
2019-02-10T19:33:00Z,Buy,BTC,0.0125,2811.20,35.14,37.13,1.99,Bought 0.0125 BTC for £37.13 GBP
2019-02-10T19:34:14Z,Send,BTC,0.01249415,2787.25,"","","",Sent 0.01249415 BTC to 32H3SA38McR7Kp3mv4QYamRYEvfaPCKwEB
2019-02-15T11:35:54Z,Buy,BTC,0.01246,2816.21,35.09,37.08,1.99,Bought 0.01246 BTC for £37.08 GBP
2019-02-15T11:39:55Z,Send,BTC,0.01300654,2788.88,"","","",Sent 0.01300654 BTC to 1Be9RXfzhhF6wRR3iNNG3erBmNR86BMMFP
2019-02-20T19:54:35Z,Buy,BTC,0.02131,3021.59,64.39,67.38,2.99,Bought 0.02131 BTC for £67.38 GBP
2019-02-20T19:56:53Z,Buy,BTC,0.00033391,3024.77,1.01,2.00,0.990000,Bought 0.00033391 BTC for £2.00 GBP
2019-02-20T19:57:35Z,Send,BTC,0.02136052,3004.05,"","","",Sent 0.02136052 BTC to 3PaaGxFoCdWG5gFPJmN3j3efV1nUGPxKxf
2019-02-26T14:04:58Z,Buy,BTC,0.01235,2897.17,35.78,37.77,1.99,Bought 0.01235 BTC for £37.77 GBP
2019-02-26T14:05:42Z,Send,BTC,0.01265242,2875.39,"","","",Sent 0.01265242 BTC to 1AwmBq8Zb6TGFaSkRHegeF1xgQxKcchiXg
2019-03-11T21:36:57Z,Buy,BTC,0.0241,2945.64,70.99,73.98,2.99,Bought 0.0241 BTC for £73.98 GBP
2019-03-11T21:37:59Z,Send,BTC,0.0241,2922.10,"","","",Sent 0.0241 BTC to 3KhZs8v9Ft2Mrx2ZoyoKtQehUezuKd9iV8
2019-03-11T21:39:19Z,Buy,BTC,0.0185,2945.41,54.49,57.48,2.99,Bought 0.0185 BTC for £57.48 GBP
2019-03-11T21:41:57Z,Send,BTC,0.0185,2922.10,"","","",Sent 0.0185 BTC to 16NzoSBf2zsxRQmZs27Pisn7xw5aBEdTyW
2019-04-08T03:45:47Z,Buy,BTC,0.01229,4069.98,50.02,53.01,2.99,Bought 0.01229 BTC for £53.01 GBP
2019-04-08T03:46:20Z,Send,BTC,0.01229,4032.98,"","","",Sent 0.01229 BTC to 15sqbK7eJnTbP8qj2rtaN6iMr4r6qGKCaD
2019-08-06T20:26:13Z,Buy,BTC,0.0042,9659.52,40.57,41.58,1.01,Bought 0.0042 BTC for £41.58 GBP
2019-08-06T20:27:03Z,Send,BTC,0.0042,9620.40,"","","",Sent 0.0042 BTC to 38wEx3ypRtJRdVaXrgNKhaSE66h2RnXWh9
2019-08-08T12:39:41Z,Buy,BTC,0.00085,9788.24,8.32,8.53,0.210000,Bought 0.00085 BTC for £8.53 GBP
2019-08-08T12:40:28Z,Send,BTC,0.00085,9789.44,"","","",Sent 0.00085 BTC to 3Lk81koZwt3Jy1auoeLChJk2q95hwCKAbo
2019-08-08T13:18:49Z,Buy,BTC,0.00025,9760.00,2.44,2.50,0.060000,Bought 0.00025 BTC for £2.50 GBP
2019-08-08T13:20:17Z,Send,BTC,0.00025,9756.09,"","","",Sent 0.00025 BTC to 3Ds7ZwEbByEVXXFSTocJJBT5NdQHpTnxAf
2019-08-22T21:40:25Z,Buy,BTC,0.0055,8309.09,45.70,46.84,1.14,Bought 0.0055 BTC for £46.84 GBP
2019-08-22T21:43:07Z,Send,BTC,0.00548467,8277.98,"","","",Sent 0.00548467 BTC to 3Qdgiuc38CfaaT8mSvjon9KLPps2jDKTWb
2019-09-27T21:16:11Z,Buy,BTC,0.0112,6638.39,74.35,77.34,2.99,Bought 0.0112 BTC for £77.34 GBP
2019-09-27T21:19:20Z,Buy,BTC,0.0005,6660.00,3.33,4.32,0.990000,Bought 0.0005 BTC for £4.32 GBP
2019-09-27T21:19:57Z,Send,BTC,0.01123784,6708.46,"","","",Sent 0.01123784 BTC to 1AwmBq8Zb6TGFaSkRHegeF1xgQxKcchiXg
2019-09-27T21:22:22Z,Buy,BTC,0.00060024,6680.66,4.01,5.00,0.990000,Bought 0.00060024 BTC for £5.00 GBP
2019-09-27T21:23:00Z,Send,BTC,0.00103784,6708.46,"","","",Sent 0.00103784 BTC to 1AwmBq8Zb6TGFaSkRHegeF1xgQxKcchiXg
2019-09-30T18:34:59Z,Buy,BTC,0.049,6819.80,334.17,347.50,13.33,Bought 0.0490 BTC for £347.50 GBP
2019-09-30T18:36:26Z,Send,BTC,0.04897831,6880.66,"","","",Sent 0.04897831 BTC to 3JpXvBHuCL8U4aLKzKrqgn2xfSGKFWrrx5
2019-11-05T11:27:45Z,Buy,BTC,0.0031,7251.61,22.48,23.97,1.49,Bought 0.0031 BTC for £23.97 GBP
2019-11-05T11:30:24Z,Buy,BTC,0.0005,7260.00,3.63,4.62,0.990000,Bought 0.0005 BTC for £4.62 GBP
2019-11-05T11:31:05Z,Send,BTC,0.00364176,7207.48,"","","",Sent 0.00364176 BTC to 3No1rqsdmyvke1N5HG9NS9Z7xxJDodMKoy
2019-11-10T12:27:40Z,Buy,BTC,0.0061,6981.97,42.59,44.58,1.99,Bought 0.0061 BTC for £44.58 GBP
2019-11-10T12:28:40Z,Send,BTC,0.0060438,6925.34,"","","",Sent 0.0060438 BTC to 336zcasxBK6gBHLdRimzr9qvKWGxFrf6Rg
2019-11-20T18:21:16Z,Buy,BTC,0.0071,6366.20,45.20,47.19,1.99,Bought 0.0071 BTC for £47.19 GBP
2019-11-20T18:24:30Z,Send,BTC,0.00713619,6332.93,"","","",Sent 0.00713619 BTC to 3Hbt6TzsrBA9NVbxFojJMaCS8pXoykuiRx
2019-11-25T12:33:07Z,Buy,BTC,0.0065,5595.38,36.37,38.36,1.99,Bought 0.0065 BTC for £38.36 GBP
2019-11-25T12:54:02Z,Convert,BTC,0.00653983,5509.32,35.66,36.03,0.370000,Converted 0.00653983 BTC to 0.9969329 LTC
2019-11-26T13:35:48Z,Buy,BTC,0.0039,5564.10,21.70,23.19,1.49,Bought 0.0039 BTC for £23.19 GBP
2019-11-26T13:36:27Z,Send,BTC,0.0038958,5520.92,"","","",Sent 0.0038958 BTC to 3Q6B5P3YMsj8CS6HyCyr5nw7dwKewvG1Wb
2019-12-30T00:47:01Z,Buy,BTC,0.0066,5648.48,37.28,39.27,1.99,Bought 0.0066 BTC for £39.27 GBP
2019-12-30T00:48:02Z,Send,BTC,0.00655424,5602.56,"","","",Sent 0.00655424 BTC to 16J87NnnfJhbGGbaiQJ54AocCjwj17v3pA
2020-01-12T20:55:42Z,Buy,BTC,0.0065,6286.15,40.86,42.85,1.99,Bought 0.0065 BTC for £42.85 GBP
2020-01-12T20:59:03Z,Send,BTC,0.00629194,6245.04,"","","",Sent 0.00629194 BTC to 3QVBhcxkoBA8m1gqY5J5CRUunBdn26FGz2
2020-01-18T14:24:55Z,Buy,BTC,0.017,6908.82,117.45,122.14,4.69,Bought 0.0170 BTC for £122.14 GBP
2020-01-18T14:25:51Z,Send,BTC,0.01529848,6868.16,"","","",Sent 0.01529848 BTC to 1FCjiWrF6b9QBgka9wZot4fThTVNBmkgmf
2020-01-19T16:20:55Z,Buy,BTC,0.01293263,6692.37,86.55,90.00,3.45,Bought 0.01293263 BTC for £90.00 GBP
2020-01-19T16:24:06Z,Send,BTC,0.01101981,6652.38,"","","",Sent 0.01101981 BTC to 3QYbVkt3MHwjXhGyQK5JbVMT4UStDyM6iQ
2020-01-23T21:13:40Z,Buy,BTC,0.00365015,6440.83,23.51,25.00,1.49,Bought 0.00365015 BTC for £25.00 GBP
2020-01-23T21:22:45Z,Send,BTC,0.00393258,6390.04,"","","",Sent 0.00393258 BTC to 339xmdbnvB1kJyNWgjitGjCBkoQC3b65fa
2020-01-27T19:09:52Z,Buy,BTC,0.0137,6836.50,93.66,97.40,3.74,Bought 0.0137 BTC for £97.40 GBP
2020-01-27T19:13:19Z,Send,BTC,0.01379298,6786.13,"","","",Sent 0.01379298 BTC to 3K2Xdb6vJgLAsKAqM5tcvoL8XCqip8Euzq
2020-01-28T20:40:24Z,Buy,BTC,0.00813514,7007.87,57.01,60.00,2.99,Bought 0.00813514 BTC for £60.00 GBP
2020-01-28T20:45:03Z,Send,BTC,0.00806237,6962.80,"","","",Sent 0.00806237 BTC to 3DJAa6TofkDRKDAPJ15qXNtvUNycgTfeHb
2020-02-04T12:29:06Z,Buy,BTC,0.00191276,7063.09,13.51,15.00,1.49,Bought 0.00191276 BTC for £15.00 GBP
2020-02-04T12:34:30Z,Send,BTC,0.00257772,7016.32,"","","",Sent 0.00257772 BTC to 3Nr8pJcxQ2p1YVDm2ZHHPeVARdN8nW78xZ
2020-02-04T14:16:36Z,Send,BTC,0.00287815,7013.88,"","","",Sent 0.00287815 BTC to 1DgDW7Knqm7SiVKm3ME5sfem6kW76SsqED
2020-02-07T00:06:45Z,Buy,BTC,0.0077,7632.47,58.77,61.76,2.99,Bought 0.0077 BTC for £61.76 GBP
2020-02-07T00:08:17Z,Send,BTC,0.00768969,7561.97,"","","",Sent 0.00768969 BTC to 1CatcNPAhpfTAmN7vjDFFo79iCxTyrrd3L
2020-02-09T15:54:29Z,Buy,BTC,0.00297,7915.82,23.51,25.00,1.49,Bought 0.00297 BTC for £25.00 GBP
2020-02-09T15:55:38Z,Send,BTC,0.00292812,7832.46,"","","",Sent 0.00292812 BTC to 1986dwVMaKEffxEEcPwGpVE3ZXwJqv21tz
2020-02-12T19:28:28Z,Buy,BTC,0.0034819,8044.46,28.01,30.00,1.99,Bought 0.0034819 BTC for £30.00 GBP
2020-02-12T19:29:42Z,Buy,BTC,0.00348182,8044.64,28.01,30.00,1.99,Bought 0.00348182 BTC for £30.00 GBP
2020-02-12T19:37:16Z,Send,BTC,0.00638509,7977.98,"","","",Sent 0.00638509 BTC to 3KrCi6YeE3oHpVppncN8GmPHVN3SEi1K1b
2020-02-13T21:43:12Z,Buy,BTC,0.00444425,7877.59,35.01,37.00,1.99,Bought 0.00444425 BTC for £37.00 GBP
2020-02-13T21:44:30Z,Send,BTC,0.00504372,7809.84,"","","",Sent 0.00504372 BTC to 1yFse7Nn3bjQMpnUuvchbgTD3uqvctJ7a
2020-02-16T18:28:18Z,Buy,BTC,0.01457468,7587.82,110.59,115.00,4.41,Bought 0.01457468 BTC for £115.00 GBP
2020-02-20T13:41:22Z,Buy,BTC,0.00641166,7487.92,48.01,50.00,1.99,Bought 0.00641166 BTC for £50.00 GBP
2020-02-20T13:44:32Z,Send,BTC,0.00697827,7430.03,"","","",Sent 0.00697827 BTC to 3PNsAFJGk94wGfxVa6o2pWUJcNAfC1rtid
2020-03-03T12:24:44Z,Buy,BTC,0.0073,7000.00,51.10,54.09,2.99,Bought 0.0073 BTC for £54.09 GBP
2020-03-03T12:25:56Z,Send,BTC,0.00731374,6964.72,"","","",Sent 0.00731374 BTC to 37Hq5rPV57hWLDSSpCwaMixKeBx1zZUejW
2020-03-08T20:09:52Z,Buy,BTC,0.0081,6427.16,52.06,55.05,2.99,Bought 0.0081 BTC for £55.05 GBP
2020-03-08T20:11:22Z,Send,BTC,0.00793332,6351.57,"","","",Sent 0.00793332 BTC to 3KDbtpexdEkX82LJnUVHCVQ2o5qrvwYtka
2020-03-11T21:09:06Z,Buy,BTC,0.02117599,6174.45,130.75,135.97,5.22,Bought 0.02117599 BTC for £135.97 GBP
2020-03-11T21:16:15Z,Send,BTC,0.02121377,6124.32,"","","",Sent 0.02121377 BTC to 3ET4LeKan9c6EpM7Ai1pA4qb6pscyCiG4N
2020-03-22T22:12:56Z,Buy,BTC,0.01844885,5212.25,96.16,100.00,3.84,Bought 0.01844885 BTC for £100.00 GBP
2020-03-22T22:13:57Z,Send,BTC,0.01879095,5143.85,"","","",Sent 0.01879095 BTC to 3EKfvwmHaPZ91zu7HHcitXtfzKN97V2tGB
2020-04-01T21:03:48Z,Buy,BTC,0.02004794,5180.58,103.86,108.00,4.14,Bought 0.02004794 BTC for £108.00 GBP
2020-04-01T21:04:59Z,Send,BTC,0.02088967,5141.80,"","","",Sent 0.02088967 BTC to 3DoK3E5bkGjMmGhEXSB5rV1fn9GJBGap7g
2020-04-13T18:09:07Z,Buy,BTC,0.01762368,5456.30,96.16,100.00,3.84,Bought 0.01762368 BTC for £100.00 GBP
2020-04-13T18:16:34Z,Send,BTC,0.0198614,5405.04,"","","",Sent 0.0198614 BTC to 3ArYo2jEHDWfynDRCvQJQXdtCpKMcazzAH
2020-04-27T12:45:34Z,Buy,BTC,0.01770438,6246.48,110.59,115.00,4.41,Bought 0.01770438 BTC for £115.00 GBP
2020-04-27T12:49:42Z,Send,BTC,0.01812731,6191.34,"","","",Sent 0.01812731 BTC to 3QxNoB4aGELen9gn7KBLa2M6WaQoQmdu6N
2020-04-29T23:05:40Z,Buy,BTC,0.00330879,7105.32,23.51,25.00,1.49,Bought 0.00330879 BTC for £25.00 GBP
2020-05-07T21:35:52Z,Buy,BTC,0.0131864,8021.90,105.78,110.00,4.22,Bought 0.0131864 BTC for £110.00 GBP
2020-05-09T16:54:15Z,Buy,BTC,0.01212446,7931.07,96.16,100.00,3.84,Bought 0.01212446 BTC for £100.00 GBP
2020-05-11T10:55:10Z,Send,BTC,0.01508218,7197.05,"","","",Sent 0.01508218 BTC to 34pnyEK2DzshzxYGuLbWfxS9KhX7koNxJe
2020-05-11T11:24:50Z,Send,BTC,0.00102038,7158.47,"","","",Sent 0.00102038 BTC to 1F5e6wz8CqY74oM13UGH1HznWKKjDrjzAx
2020-05-13T18:25:55Z,Send,BTC,0.00603891,9103.86,"","","",Sent 0.00603891 BTC to 1F5e6wz8CqY74oM13UGH1HznWKKjDrjzAx
2020-05-14T21:56:19Z,Send,BTC,0.00414053,9778.12,"","","",Sent 0.00414053 BTC to 1MoriKBTkPnY8GsoazKeSfwEUqt72ChVGE
2020-05-15T02:10:33Z,Receive,BTC,0.006,9688.70,"","","",Received 0.0060 BTC from an external account
2020-05-15T15:08:28Z,Send,BTC,0.00530069,9517.64,"","","",Sent 0.00530069 BTC to 1F5e6wz8CqY74oM13UGH1HznWKKjDrjzAx
2020-05-15T15:59:06Z,Receive,BTC,0.004,9430.00,"","","",Received 0.0040 BTC from an external account
2020-05-15T16:16:02Z,Send,BTC,0.00532337,9469.16,"","","",Sent 0.00532337 BTC to 1F5e6wz8CqY74oM13UGH1HznWKKjDrjzAx
2020-05-15T16:53:45Z,Send,BTC,0.00849728,9470.02,"","","",Sent 0.00849728 BTC to 1MoriKBTkPnY8GsoazKeSfwEUqt72ChVGE
2020-05-16T12:23:21Z,Buy,BTC,0.0060917,7881.22,48.01,50.00,1.99,Bought 0.0060917 BTC for £50.00 GBP
2020-05-16T12:24:10Z,Send,BTC,0.00797689,9464.98,"","","",Sent 0.00797689 BTC to 1F5e6wz8CqY74oM13UGH1HznWKKjDrjzAx
2020-05-17T12:51:19Z,Buy,BTC,0.00594834,8071.16,48.01,50.00,1.99,Bought 0.00594834 BTC for £50.00 GBP
2020-05-17T13:00:24Z,Send,BTC,0.00761617,9726.88,"","","",Sent 0.00761617 BTC to 1F5e6wz8CqY74oM13UGH1HznWKKjDrjzAx
2020-05-19T02:45:21Z,Receive,BTC,0.002,9600.98,"","","",Received 0.0020 BTC from an external account
2020-05-20T19:39:21Z,Buy,BTC,0.01347812,7848.28,105.78,110.00,4.22,Bought 0.01347812 BTC for £110.00 GBP
2020-05-20T20:08:58Z,Send,BTC,0.01450254,9521.06,"","","",Sent 0.01450254 BTC to 3CaWUfwTnP8GK3LP5GKsDaGeXC5CcYj4xx
2020-05-22T19:04:27Z,Send,BTC,0.00097558,9201.47,"","","",Sent 0.00097558 BTC to 1F5e6wz8CqY74oM13UGH1HznWKKjDrjzAx
2020-05-23T17:50:37Z,Buy,BTC,0.0011845,7606.59,9.01,10.00,0.990000,Bought 0.0011845 BTC for £10.00 GBP
2020-05-23T17:51:13Z,Send,BTC,0.0011845,9179.74,"","","",Sent 0.0011845 BTC to 1F5e6wz8CqY74oM13UGH1HznWKKjDrjzAx
2020-05-25T16:11:42Z,Buy,BTC,0.00383951,7295.20,28.01,30.00,1.99,Bought 0.00383951 BTC for £30.00 GBP
2020-05-25T16:12:49Z,Send,BTC,0.00383951,8778.94,"","","",Sent 0.00383951 BTC to 1F5e6wz8CqY74oM13UGH1HznWKKjDrjzAx
2020-05-28T21:30:22Z,Buy,BTC,0.015,7714.67,115.72,120.34,4.62,Bought 0.0150 BTC for £120.34 GBP
2020-05-28T21:31:11Z,Send,BTC,0.01425002,9442.38,"","","",Sent 0.01425002 BTC to 3FXDcW3w8HFKBSZEcNeweeWkCKZ5JFr3MB
2020-05-28T21:31:48Z,Send,BTC,0.00074998,9442.38,"","","",Sent 0.00074998 BTC to 1F5e6wz8CqY74oM13UGH1HznWKKjDrjzAx
2020-06-09T18:39:00Z,Buy,BTC,0.01456,7686.81,111.92,116.39,4.47,Bought 0.01456 BTC for £116.39 GBP
2020-06-09T18:43:03Z,Send,BTC,0.0145575,9705.00,"","","",Sent 0.0145575 BTC to 35RNvJbYEy9bttSQTom2pm4eUPB5fQHKpB
2020-06-11T22:41:15Z,Receive,BTC,0.008,9341.26,"","","",Received 0.0080 BTC from an external account
2020-06-14T13:46:51Z,Send,BTC,0.00330483,9387.60,"","","",Sent 0.00330483 BTC to 3LonPzpVNg86BMQaGtZc4pAhzLucKzXi2J
2020-06-14T20:47:18Z,Buy,BTC,0.0152,7550.66,114.77,119.35,4.58,Bought 0.0152 BTC for £119.35 GBP
2020-06-14T20:48:16Z,Send,BTC,0.01520403,9385.98,"","","",Sent 0.01520403 BTC to 373q7TooYFdCQQ7nu7SenpDg3WM9odLj3R
2020-06-24T21:14:21Z,Receive,BTC,0.0157,9293.50,"","","",Received 0.0157 BTC from an external account
2020-06-25T10:34:45Z,Send,BTC,0.01582148,9258.90,"","","",Sent 0.01582148 BTC to 3CxSugdX5rW9AvkpAvnFfkzbbQjUEVHG3p
2020-07-05T21:44:48Z,Receive,BTC,0.00850124,8973.00,"","","",Received 0.00850124 BTC from an external account
2020-07-05T22:04:22Z,Receive,BTC,0.0053,9038.66,"","","",Received 0.0053 BTC from an external account
2020-07-05T22:09:36Z,Send,BTC,0.00553812,9045.63,"","","",Sent 0.00553812 BTC to 3ND3pKwWvqLWwNAZ57ugKfbRNiEWrnZR21
2020-07-05T22:53:48Z,Send,BTC,0.00855719,9051.10,"","","",Sent 0.00855719 BTC to 3Mxj8p64USYLz8dedmC9xugH6pkCpo2tLB
2020-07-10T11:06:50Z,Buy,BTC,0.0085,7340.00,62.39,65.38,2.99,Bought 0.0085 BTC for £65.38 GBP
2020-07-10T11:11:00Z,Send,BTC,0.00902572,9184.76,"","","",Sent 0.00902572 BTC to 323pwPjdGAf2eJBiAcBvtzexdi44agyHRA
2020-07-20T17:25:52Z,Buy,BTC,0.0091,7326.37,66.67,69.66,2.99,Bought 0.0091 BTC for £69.66 GBP
2020-07-20T17:28:15Z,Send,BTC,0.00908693,9195.00,"","","",Sent 0.00908693 BTC to 34GrEGQZGaifKym9NrkPD4vgfmsSbDfSaf
2020-07-26T20:48:02Z,Buy,BTC,0.0095,7778.95,73.90,76.89,2.99,Bought 0.0095 BTC for £76.89 GBP
2020-07-26T20:50:23Z,Send,BTC,0.00933557,9890.25,"","","",Sent 0.00933557 BTC to 32mPKyUi19oPrxX96iz338u5muQnU3XMVq
2020-08-07T10:57:21Z,Buy,BTC,0.00521,9082.53,47.32,49.31,1.99,Bought 0.00521 BTC for £49.31 GBP
2020-08-07T10:58:20Z,Send,BTC,0.00524899,11783.79,"","","",Sent 0.00524899 BTC to 38YrF1RdGJdHqxz2yCYjf9tMGZBm1ng7DW
2020-11-22T17:25:14Z,Send,BTC,0.00193495,18551.58,"","","",Sent 0.00193495 BTC to 3HJVCVJDooQJAsXrSaSSDQoYr8KtQnJXCM
2020-11-22T17:27:30Z,Send,BTC,0.00242068,18528.30,"","","",Sent 0.00242068 BTC to 3ACnFVp4YNGQEEazNGZXCoHtzvuJjZy4Yz
2020-11-29T17:05:14Z,Send,BTC,0.00154388,18087.88,"","","",Sent 0.00154388 BTC to 39PKnsytvnHb6ok69d5hhPqz6NueyAMLYh
2020-11-29T17:10:38Z,Receive,BTC,0.00096492,18102.55,"","","",Received 0.00096492 BTC from an external account
2020-11-29T18:51:49Z,Buy,BTC,0.00028848,13692.46,3.95,4.94,0.990000,Bought 0.00028848 BTC for £4.94 GBP
2020-11-29T19:21:48Z,Send,BTC,0.00234688,18085.72,"","","",Sent 0.00234688 BTC to 3Et827rKVPxiTfnjtnVmAT35pmfhjevnLD
2021-05-19T22:52:41Z,Buy,BTC,0.00514787,28019.36,144.24,150.00,5.76,Bought 0.00514787 BTC for £150.00 GBP
2021-05-28T09:53:25Z,Buy,BTC,0.00563715,25587.40,144.24,150.00,5.76,Bought 0.00563715 BTC for £150.00 GBP
2021-07-01T13:09:47Z,Buy,BTC,0.0039304,24465.70,96.16,100.00,3.84,Bought 0.0039304 BTC for £100.00 GBP
2021-08-02T08:58:51Z,Buy,BTC,0.00336813,28549.97,96.16,100.00,3.84,Bought 0.00336813 BTC for £100.00 GBP
2021-08-10T23:01:45Z,Buy,BTC,0.00291082,33035.36,96.16,100.00,3.84,Bought 0.00291082 BTC for £100.00 GBP
2021-08-26T12:27:50Z,Buy,BTC,0.00416938,34595.07,144.24,150.00,5.76,Bought 0.00416938 BTC for £150.00 GBP
2021-09-03T21:57:18Z,Receive,BTC,0.0023744,50231.32,"","","",Received 0.0023744 BTC from an external account
2021-09-04T01:09:20Z,Buy,BTC,0.00132727,36171.99,48.01,50.00,1.99,Bought 0.00132727 BTC for £50.00 GBP
2021-09-04T01:58:27Z,Convert,BTC,0.001004,49780.88,48.95,49.98,1.03,Converted 0.001004 BTC to 165.67656765 DOGE
2021-09-07T15:17:57Z,Convert,BTC,0.001088,45937.50,49.37,49.98,0.610000,Converted 0.001088 BTC to 0.01485217 ETH
2021-09-07T15:18:28Z,Convert,BTC,0.000539,46419.29,18.38,25.02,0.340000,Converted 0.000539 BTC to 98.82654932 DOGE
2021-09-07T16:27:59Z,Convert,BTC,0.000531,47118.64,17.73,25.02,0.560000,Converted 0.000531 BTC to 95.58955896 DOGE
2021-10-01T11:36:19Z,Buy,BTC,0.00273549,35152.75,96.16,100.00,3.84,Bought 0.00273549 BTC for £100.00 GBP
2021-10-01T18:50:30Z,Buy,BTC,0.00271532,35413.87,96.16,100.00,3.84,Bought 0.00271532 BTC for £100.00 GBP
2021-10-08T14:05:34Z,Buy,BTC,0.00239747,40108.95,96.16,100.00,3.84,Bought 0.00239747 BTC for £100.00 GBP
2021-10-08T16:34:39Z,Buy,BTC,0.00239564,40139.59,96.16,100.00,3.84,Bought 0.00239564 BTC for £100.00 GBP
2021-10-08T21:48:53Z,Buy,BTC,0.00240879,39920.46,96.16,100.00,3.84,Bought 0.00240879 BTC for £100.00 GBP
2021-10-13T03:50:03Z,Receive,BTC,0.00148327,56302.41,"","","",Received 0.00148327 BTC from an external account
2021-08-09T20:49:32Z,Buy,ETH,0.04306025,2233.15,96.16,100.00,3.84,Bought 0.04306025 ETH for £100.00 GBP
2021-09-09T07:11:34Z,Buy,ETH,0.03794058,2534.49,96.16,100.00,3.84,Bought 0.03794058 ETH for £100.00 GBP
2021-10-14T23:11:48Z,Convert,ETH,0.02638985,3789.34,100.00,100.00,0.00,Converted 0.02638985 ETH to 0.02638985 ETH2
2021-10-15T00:18:54Z,Convert,ETH,0.05274978,3791.49,200.00,200.00,0.00,Converted 0.05274978 ETH to 0.05274978 ETH2
2018-01-14T19:05:23Z,Buy,LTC,0.38,177.47,67.44,70.43,2.99,Bought 0.3800 LTC for £70.43 GBP
2018-01-14T19:21:44Z,Send,LTC,0.38,176.49,"","","",Sent 0.3800 LTC to LR9coRwjnbCGgW8CCYV3rmSNsAD17DvNGD
2018-01-21T17:53:53Z,Buy,LTC,0.485,138.47,67.16,70.15,2.99,Bought 0.4850 LTC for £70.15 GBP
2018-01-21T17:55:21Z,Send,LTC,0.485,137.81,"","","",Sent 0.4850 LTC to LR9coRwjnbCGgW8CCYV3rmSNsAD17DvNGD
2018-01-30T23:01:57Z,Buy,LTC,0.55,117.40,64.57,67.56,2.99,Bought 0.5500 LTC for £67.56 GBP
2018-01-30T23:08:29Z,Send,LTC,0.55,117.97,"","","",Sent 0.5500 LTC to LR9coRwjnbCGgW8CCYV3rmSNsAD17DvNGD
2018-02-05T22:32:37Z,Buy,LTC,0.705,94.28,66.47,69.46,2.99,Bought 0.7050 LTC for £69.46 GBP
2018-02-05T22:34:07Z,Send,LTC,0.705,93.76,"","","",Sent 0.7050 LTC to LR9coRwjnbCGgW8CCYV3rmSNsAD17DvNGD
2018-02-09T11:57:43Z,Buy,LTC,0.615,107.19,65.92,68.91,2.99,Bought 0.6150 LTC for £68.91 GBP
2018-02-09T12:00:14Z,Send,LTC,0.615,106.58,"","","",Sent 0.6150 LTC to LR9coRwjnbCGgW8CCYV3rmSNsAD17DvNGD
2018-02-09T12:56:55Z,Buy,LTC,0.376,107.85,40.55,42.54,1.99,Bought 0.3760 LTC for £42.54 GBP
2018-02-09T12:57:38Z,Send,LTC,0.376,107.45,"","","",Sent 0.3760 LTC to LcqssFqV37Nn64SuZzuAcLQTq8cviCfjyU
2018-02-14T21:26:38Z,Buy,LTC,0.48,147.83,70.96,73.95,2.99,Bought 0.4800 LTC for £73.95 GBP
2018-02-14T21:27:34Z,Send,LTC,0.48,147.43,"","","",Sent 0.4800 LTC to LfsuECKE2sizAgZG9DWLxJvjxAQftyPu1p
2018-02-21T22:01:32Z,Buy,LTC,0.47,150.45,70.71,73.70,2.99,Bought 0.4700 LTC for £73.70 GBP
2018-02-21T22:02:50Z,Send,LTC,0.47,150.58,"","","",Sent 0.4700 LTC to LR9coRwjnbCGgW8CCYV3rmSNsAD17DvNGD
2018-02-28T12:18:49Z,Buy,LTC,0.66,151.73,100.14,104.14,4.00,Bought 0.6600 LTC for £104.14 GBP
2018-02-28T12:20:30Z,Send,LTC,0.66,151.07,"","","",Sent 0.6600 LTC to LiAXRE39CESLjrCRbobWdsiLGETgGVZMvr
2018-03-05T20:35:12Z,Buy,LTC,0.43,153.72,66.10,69.09,2.99,Bought 0.4300 LTC for £69.09 GBP
2018-03-05T20:37:04Z,Send,LTC,0.43,152.97,"","","",Sent 0.4300 LTC to LiAXRE39CESLjrCRbobWdsiLGETgGVZMvr
2018-03-09T11:56:02Z,Buy,LTC,0.385,124.94,48.10,50.09,1.99,Bought 0.3850 LTC for £50.09 GBP
2018-03-09T11:58:10Z,Send,LTC,0.385,123.32,"","","",Sent 0.3850 LTC to LR9coRwjnbCGgW8CCYV3rmSNsAD17DvNGD
2018-03-14T22:39:45Z,Buy,LTC,0.55,116.47,64.06,67.05,2.99,Bought 0.5500 LTC for £67.05 GBP
2018-03-14T22:40:38Z,Send,LTC,0.55,116.39,"","","",Sent 0.5500 LTC to LR9coRwjnbCGgW8CCYV3rmSNsAD17DvNGD
2018-03-19T11:01:03Z,Buy,LTC,0.195,110.46,21.54,23.03,1.49,Bought 0.1950 LTC for £23.03 GBP
2018-03-19T11:02:01Z,Send,LTC,0.195,109.91,"","","",Sent 0.1950 LTC to LepZuTbwtRqvKrgFJtNzjXvx2cjXFM89zV
2018-03-20T22:51:04Z,Buy,LTC,0.56,121.30,67.93,70.92,2.99,Bought 0.5600 LTC for £70.92 GBP
2018-03-20T22:52:02Z,Send,LTC,0.56,120.69,"","","",Sent 0.5600 LTC to LR9coRwjnbCGgW8CCYV3rmSNsAD17DvNGD
2018-03-22T22:14:40Z,Buy,LTC,0.386,116.01,44.78,46.77,1.99,Bought 0.3860 LTC for £46.77 GBP
2018-03-22T22:15:39Z,Send,LTC,0.386,114.95,"","","",Sent 0.3860 LTC to LR9coRwjnbCGgW8CCYV3rmSNsAD17DvNGD
2018-03-26T12:20:31Z,Buy,LTC,0.63,106.67,67.20,70.19,2.99,Bought 0.6300 LTC for £70.19 GBP
2018-03-26T12:22:01Z,Send,LTC,0.63,106.14,"","","",Sent 0.6300 LTC to LR9coRwjnbCGgW8CCYV3rmSNsAD17DvNGD
2018-04-15T22:23:06Z,Buy,LTC,0.72,92.61,66.68,69.67,2.99,Bought 0.7200 LTC for £69.67 GBP
2018-04-15T22:23:40Z,Send,LTC,0.72,92.15,"","","",Sent 0.7200 LTC to LKG5QuSmUwiRF6Qwe7AR2VFzRPhx8RdYN3
2018-04-26T12:42:16Z,Buy,LTC,0.772,105.70,81.60,84.86,3.26,Bought 0.7720 LTC for £84.86 GBP
2018-04-26T12:43:06Z,Send,LTC,0.772,104.96,"","","",Sent 0.7720 LTC to LPueqeemgZS7eJ41xuo1SZNUEz7tZb3Fo6
2018-05-07T21:38:16Z,Buy,LTC,0.66,123.64,81.60,84.86,3.26,Bought 0.6600 LTC for £84.86 GBP
2018-05-07T21:38:58Z,Send,LTC,0.66,123.43,"","","",Sent 0.6600 LTC to LYHfZK5T5E7F4hynXtjke8XwQBY9nHmFiv
2018-05-15T23:23:36Z,Buy,LTC,0.624,104.01,64.90,67.89,2.99,Bought 0.6240 LTC for £67.89 GBP
2018-05-15T23:25:03Z,Send,LTC,0.624,103.17,"","","",Sent 0.6240 LTC to LaTZdZaxyD3h2nSPYzHxzCNa193TgoivA4
2018-05-20T19:53:50Z,Buy,LTC,0.677,103.86,70.31,73.30,2.99,Bought 0.6770 LTC for £73.30 GBP
2018-05-20T19:57:33Z,Send,LTC,0.677,103.33,"","","",Sent 0.6770 LTC to LdwPmJdsKW1LDtCeUbRNofG4Aicz4DbZSg
2018-06-03T23:34:42Z,Buy,LTC,0.691,94.31,65.17,68.16,2.99,Bought 0.6910 LTC for £68.16 GBP
2018-06-03T23:36:03Z,Send,LTC,0.691,93.86,"","","",Sent 0.6910 LTC to LTMBaimfpbLoxB48U754Z6xTRNvJ82WLoJ
2018-06-11T21:31:43Z,Buy,LTC,0.82,79.12,64.88,67.87,2.99,Bought 0.8200 LTC for £67.87 GBP
2018-06-11T21:33:41Z,Send,LTC,0.82,78.74,"","","",Sent 0.8200 LTC to LWwRzRvmaiRjsKx1aQgpgjpRCCvcnp2Z49
2018-06-15T09:01:48Z,Buy,LTC,0.871,74.18,64.61,67.60,2.99,Bought 0.8710 LTC for £67.60 GBP
2018-06-15T09:16:27Z,Send,LTC,0.871,73.10,"","","",Sent 0.8710 LTC to LZ9HxeXMWYHmXeB9vLNehPexHQD7NzTuer
2018-06-20T21:25:26Z,Buy,LTC,0.876,74.35,65.13,68.12,2.99,Bought 0.8760 LTC for £68.12 GBP
2018-06-20T21:26:43Z,Send,LTC,0.876,73.96,"","","",Sent 0.8760 LTC to Lh4tnp3r4jTSkeGpqw1y7C5H11cvPkfYjY
2018-06-26T21:05:28Z,Buy,LTC,1.1,59.83,65.81,68.80,2.99,Bought 1.1000 LTC for £68.80 GBP
2018-06-26T21:07:52Z,Send,LTC,1.1,59.58,"","","",Sent 1.1000 LTC to LTneeiauRq6V77FYZrcPPwkZDWvp5zPvbY
2018-07-03T21:49:58Z,Buy,LTC,0.978,66.52,65.06,68.05,2.99,Bought 0.9780 LTC for £68.05 GBP
2018-07-03T21:51:24Z,Send,LTC,0.978,66.14,"","","",Sent 0.9780 LTC to LVkka7pFfdZELXFMa3vyE26co4kvBTf5Eh
2018-07-10T17:00:29Z,Buy,LTC,1.122,57.69,64.73,67.72,2.99,Bought 1.1220 LTC for £67.72 GBP
2018-07-10T17:01:29Z,Send,LTC,1.122,57.56,"","","",Sent 1.1220 LTC to LYaFssvdXKEkE8mhpgzeG6yMo8d6Jg5i4a
2018-07-13T22:06:21Z,Buy,LTC,1.1,58.12,63.93,66.92,2.99,Bought 1.1000 LTC for £66.92 GBP
2018-07-13T22:07:56Z,Send,LTC,1.1,57.83,"","","",Sent 1.1000 LTC to LZAC6rKEa4ojFDmZp6MTb1FTZChx3S1aEw
2018-07-16T19:01:41Z,Buy,LTC,2.6,63.08,164.00,170.54,6.54,Bought 2.6000 LTC for £170.54 GBP
2018-07-16T19:02:23Z,Send,LTC,2.6,62.84,"","","",Sent 2.6000 LTC to LNRL3tEVGMWJYXnHetM86Y5FaiFW3uZi6T
2018-08-30T14:27:29Z,Buy,LTC,1.47,45.93,67.52,70.51,2.99,Bought 1.4700 LTC for £70.51 GBP
2018-08-30T14:28:47Z,Send,LTC,1.47,45.61,"","","",Sent 1.4700 LTC to LeMmeEt14w9gZWHDGeyG2QDZQVjsMrnLc4
2018-08-30T14:36:58Z,Buy,LTC,0.022,46.36,1.02,2.01,0.990000,Bought 0.0220 LTC for £2.01 GBP
2018-08-30T14:37:54Z,Send,LTC,0.022,45.59,"","","",Sent 0.0220 LTC to LeMmeEt14w9gZWHDGeyG2QDZQVjsMrnLc4
2018-09-05T20:33:49Z,Buy,LTC,3.01,46.92,141.24,146.88,5.64,Bought 3.0100 LTC for £146.88 GBP
2018-09-05T20:35:44Z,Send,LTC,3.01,46.58,"","","",Sent 3.0100 LTC to LZp8CoS9WPd1YExc5TRqKftj9hbwJWhoWp
2018-09-06T21:53:44Z,Buy,LTC,0.804,43.59,35.05,37.04,1.99,Bought 0.8040 LTC for £37.04 GBP
2018-09-06T21:54:51Z,Send,LTC,0.804,43.42,"","","",Sent 0.8040 LTC to LMXdzcfnUY5WP7DxGSYJYWHVfesYLxEFwn
2018-09-25T23:50:09Z,Buy,LTC,3.25,44.01,143.03,148.74,5.71,Bought 3.2500 LTC for £148.74 GBP
2018-09-25T23:51:27Z,Send,LTC,3.25,43.44,"","","",Sent 3.2500 LTC to LcH85NTbDAgtVjrqC2TKRcjJcSGmxE1HuQ
2018-09-27T21:21:22Z,Buy,LTC,1.8,49.21,88.57,92.10,3.53,Bought 1.8000 LTC for £92.10 GBP
2018-09-27T21:24:22Z,Buy,LTC,0.055,49.09,2.70,3.69,0.990000,Bought 0.0550 LTC for £3.69 GBP
2018-09-27T21:25:08Z,Send,LTC,1.855,48.71,"","","",Sent 1.8550 LTC to LKWjMhMGi3Lv66nk2LRW2GoLPaDwqu87hW
2018-09-27T21:28:31Z,Buy,LTC,0.0205,49.76,1.02,2.01,0.990000,Bought 0.0205 LTC for £2.01 GBP
2018-09-27T21:29:11Z,Send,LTC,0.0205,48.92,"","","",Sent 0.0205 LTC to LKWjMhMGi3Lv66nk2LRW2GoLPaDwqu87hW
2018-10-08T19:25:50Z,Buy,LTC,2.82,45.74,128.98,134.13,5.15,Bought 2.8200 LTC for £134.13 GBP
2018-10-08T19:28:15Z,Send,LTC,2.82,45.28,"","","",Sent 2.8200 LTC to LQHmoAXHCquzTxqv1BXfP7Ps6jDmGM36BU
2018-10-21T20:20:41Z,Buy,LTC,3.194,40.72,130.07,135.26,5.19,Bought 3.1940 LTC for £135.26 GBP
2018-10-21T20:21:31Z,Send,LTC,3.194,40.31,"","","",Sent 3.1940 LTC to LTH95hKtQrtuLhm7QBzWarQnekjd2zTFGZ
2018-10-28T23:05:02Z,Buy,LTC,0.999,40.09,40.05,42.04,1.99,Bought 0.9990 LTC for £42.04 GBP
2018-10-28T23:06:10Z,Send,LTC,0.999,39.87,"","","",Sent 0.9990 LTC to LTDTaubp7uxmk7b5qHrdof7HM1C8dFPG74
2018-10-28T23:08:13Z,Buy,LTC,0.025,40.00,1.00,1.99,0.990000,Bought 0.0250 LTC for £1.99 GBP
2018-10-28T23:09:34Z,Send,LTC,0.025,39.87,"","","",Sent 0.0250 LTC to LTDTaubp7uxmk7b5qHrdof7HM1C8dFPG74
2018-10-28T23:11:47Z,Buy,LTC,0.05,40.00,2.00,2.99,0.990000,Bought 0.0500 LTC for £2.99 GBP
2018-10-28T23:12:25Z,Send,LTC,0.05,39.87,"","","",Sent 0.0500 LTC to LTDTaubp7uxmk7b5qHrdof7HM1C8dFPG74
2018-11-01T18:54:32Z,Buy,LTC,2.249,38.54,86.68,90.14,3.46,Bought 2.2490 LTC for £90.14 GBP
2018-11-01T18:55:53Z,Send,LTC,2.249,38.36,"","","",Sent 2.2490 LTC to LQLwkG4L5d4Y8odDFkJ3Shuu4YnCHGjYgM
2018-11-05T21:59:25Z,Buy,LTC,1.08,40.96,44.24,46.23,1.99,Bought 1.0800 LTC for £46.23 GBP
2018-11-05T22:02:28Z,Send,LTC,1.08,40.76,"","","",Sent 1.0800 LTC to LcHjFzUifWs4AxZAueV6nWPYP4riFj8nhZ
2018-11-08T14:47:53Z,Buy,LTC,1.02,41.13,41.95,43.94,1.99,Bought 1.0200 LTC for £43.94 GBP
2018-11-08T14:48:45Z,Send,LTC,1.02,40.92,"","","",Sent 1.0200 LTC to LT3Abgud5MZ9brQKDQSNdybx9UE2PQzWGe
2018-11-11T20:58:41Z,Buy,LTC,0.22,39.32,8.65,9.64,0.990000,Bought 0.2200 LTC for £9.64 GBP
2018-11-11T21:03:07Z,Send,LTC,0.22,39.17,"","","",Sent 0.2200 LTC to LMnMCTxVGK96hXsMSxh6CcNjTcgF7DWrTc
2018-11-11T21:05:36Z,Buy,LTC,0.026,39.62,1.03,2.02,0.990000,Bought 0.0260 LTC for £2.02 GBP
2018-11-11T21:06:26Z,Send,LTC,0.026,39.10,"","","",Sent 0.0260 LTC to LMnMCTxVGK96hXsMSxh6CcNjTcgF7DWrTc
2018-11-11T21:07:27Z,Buy,LTC,0.026,39.62,1.03,2.02,0.990000,Bought 0.0260 LTC for £2.02 GBP
2018-11-11T21:09:14Z,Send,LTC,0.026,39.10,"","","",Sent 0.0260 LTC to LMnMCTxVGK96hXsMSxh6CcNjTcgF7DWrTc
2018-11-19T23:49:06Z,Buy,LTC,3.64,28.28,102.94,107.05,4.11,Bought 3.6400 LTC for £107.05 GBP
2018-11-19T23:55:50Z,Send,LTC,3.64,28.14,"","","",Sent 3.6400 LTC to LQMj9gfd4uq7MqtFRqFurNp5dA8VmoyHK7
2018-12-04T13:41:55Z,Buy,LTC,2.04,24.76,50.52,53.51,2.99,Bought 2.0400 LTC for £53.51 GBP
2018-12-04T13:42:30Z,Send,LTC,2.04,24.68,"","","",Sent 2.0400 LTC to LfsuECKE2sizAgZG9DWLxJvjxAQftyPu1p
2018-12-11T00:00:12Z,Buy,LTC,4.787,19.18,91.82,95.48,3.66,Bought 4.7870 LTC for £95.48 GBP
2018-12-11T00:01:24Z,Send,LTC,4.787,19.09,"","","",Sent 4.7870 LTC to LgNS2nELWqinGRPAx8joMEVgL4XHdHodJD
2018-12-20T13:42:01Z,Buy,LTC,3.757,24.52,92.12,95.80,3.68,Bought 3.7570 LTC for £95.80 GBP
2018-12-20T13:47:03Z,Send,LTC,3.72507184,24.41,"","","",Sent 3.72507184 LTC to LXJHjtZrw48QqZ1aoJJ5wbciCGxHtDxhep
2018-12-20T13:48:05Z,Send,LTC,0.03001412,24.41,"","","",Sent 0.03001412 LTC to LXJHjtZrw48QqZ1aoJJ5wbciCGxHtDxhep
2019-01-01T21:17:26Z,Buy,LTC,3.72,24.77,92.15,95.83,3.68,Bought 3.7200 LTC for £95.83 GBP
2019-01-01T21:20:12Z,Send,LTC,3.60000435,24.66,"","","",Sent 3.60000435 LTC to LfLvkh2ZE5KgTXSheb42ptDoFbkQABNUCB
2019-01-01T21:21:07Z,Send,LTC,0.11850435,24.66,"","","",Sent 0.11850435 LTC to LfLvkh2ZE5KgTXSheb42ptDoFbkQABNUCB
2019-01-08T22:41:42Z,Buy,LTC,2.98,30.85,91.93,95.60,3.67,Bought 2.9800 LTC for £95.60 GBP
2019-01-08T22:43:58Z,Send,LTC,2.94502816,30.72,"","","",Sent 2.94502816 LTC to LRrLpDt8P7ia1LRPLz8qij9AGg2CxJsHqV
2019-01-08T22:44:29Z,Send,LTC,0.03702816,30.72,"","","",Sent 0.03702816 LTC to LRrLpDt8P7ia1LRPLz8qij9AGg2CxJsHqV
2019-01-17T19:45:47Z,Buy,LTC,3.73,24.36,90.87,94.50,3.63,Bought 3.7300 LTC for £94.50 GBP
2019-01-17T19:46:35Z,Send,LTC,3.70000574,24.05,"","","",Sent 3.70000574 LTC to LeTAXK6A52WzgfnMgJkLsgP9HqmD8y6TMn
2019-01-17T19:46:56Z,Send,LTC,0.03100574,24.05,"","","",Sent 0.03100574 LTC to LeTAXK6A52WzgfnMgJkLsgP9HqmD8y6TMn
2019-01-28T11:32:16Z,Buy,LTC,2.57,23.43,60.21,63.20,2.99,Bought 2.5700 LTC for £63.20 GBP
2019-01-28T11:32:59Z,Send,LTC,2.55500562,23.18,"","","",Sent 2.55500562 LTC to La1HioGPLbc4z9CVxt4fu2ngMBsxvswd52
2019-01-28T11:41:21Z,Send,LTC,0.01533192,23.19,"","","",Sent 0.01533192 LTC to La1HioGPLbc4z9CVxt4fu2ngMBsxvswd52
2019-02-07T20:05:08Z,Buy,LTC,2.829,25.45,72.01,75.00,2.99,Bought 2.8290 LTC for £75.00 GBP
2019-02-07T20:05:53Z,Send,LTC,2.829,25.24,"","","",Sent 2.8290 LTC to LadEkjLKWGYwMDSTaQcd6KrSJmmU5AkgMY
2019-02-22T12:55:33Z,Buy,LTC,1.187,38.16,45.30,47.29,1.99,Bought 1.1870 LTC for £47.29 GBP
2019-02-22T12:59:04Z,Send,LTC,1.187,37.83,"","","",Sent 1.1870 LTC to LfsuECKE2sizAgZG9DWLxJvjxAQftyPu1p
2019-03-01T12:19:53Z,Buy,LTC,1.266,35.51,44.95,46.94,1.99,Bought 1.2660 LTC for £46.94 GBP
2019-03-01T12:21:04Z,Send,LTC,1.266,35.25,"","","",Sent 1.2660 LTC to Le8M5aJwHGahdtJ8KsBaJ6d6nmPsNvvhWP
2019-03-19T21:13:31Z,Buy,LTC,1.959,44.81,87.79,91.29,3.50,Bought 1.9590 LTC for £91.29 GBP
2019-03-19T21:14:17Z,Send,LTC,1.959,44.44,"","","",Sent 1.9590 LTC to LMNbqbsJqYFQFt7EZTD4M1wmGMRhd6bnv9
2019-03-27T13:02:55Z,Buy,LTC,1.9,46.07,87.53,91.02,3.49,Bought 1.9000 LTC for £91.02 GBP
2019-03-27T13:03:23Z,Send,LTC,1.9,45.80,"","","",Sent 1.9000 LTC to LW12j3Sf4KeyJsj8ZxE7fV72AhizbD8hHT
2019-04-07T21:14:46Z,Buy,LTC,1.45,71.46,103.62,107.75,4.13,Bought 1.4500 LTC for £107.75 GBP
2019-04-07T22:19:17Z,Send,LTC,1.45,71.48,"","","",Sent 1.4500 LTC to LextTKncKNkvZYNtHMQT5bhukv9C1mfVBA
2019-04-11T22:59:42Z,Buy,LTC,1.2,60.80,72.96,75.95,2.99,Bought 1.2000 LTC for £75.95 GBP
2019-04-11T23:02:26Z,Send,LTC,1.2,60.42,"","","",Sent 1.2000 LTC to LW6ecsx67By7tHUzkCMFum6QnD3Nyt6T4S
2019-04-18T13:15:01Z,Buy,LTC,1.894,62.35,118.09,122.80,4.71,Bought 1.8940 LTC for £122.80 GBP
2019-04-18T13:15:50Z,Send,LTC,1.894,61.70,"","","",Sent 1.8940 LTC to LeDqNaiLtoBVWCszJyyncjrPASqp1u9J9j
2019-05-02T21:07:42Z,Buy,LTC,2.06,55.68,114.71,119.29,4.58,Bought 2.0600 LTC for £119.29 GBP
2019-05-02T21:09:20Z,Send,LTC,2.0550042,55.24,"","","",Sent 2.0550042 LTC to LZVMpBusiFcnCDG3dbK4q6tGJ7KPGGmkzm
2019-05-14T17:32:30Z,Buy,LTC,1.04,70.35,73.16,76.15,2.99,Bought 1.0400 LTC for £76.15 GBP
2019-05-14T17:33:47Z,Send,LTC,1.0400042,69.78,"","","",Sent 1.0400042 LTC to LiY1Gy8i56q9kDsmnqpGsyLjjmCHbUt1cv
2019-05-15T17:13:22Z,Buy,LTC,0.56,79.45,44.49,46.48,1.99,Bought 0.5600 LTC for £46.48 GBP
2019-05-15T17:14:33Z,Send,LTC,0.5649916,79.44,"","","",Sent 0.5649916 LTC to LcPLHPtSadYgjPpfwyr61r8nap7CCJvS48
2019-05-23T20:17:12Z,Buy,LTC,1.7,70.23,119.39,124.15,4.76,Bought 1.7000 LTC for £124.15 GBP
2019-05-23T20:18:20Z,Send,LTC,1.6900042,69.63,"","","",Sent 1.6900042 LTC to LaDhaDvBcWL7oi8hgFtKgrFNwhZZzFakdK
2019-06-30T17:03:20Z,Buy,LTC,1.177,104.02,122.43,127.31,4.88,Bought 1.1770 LTC for £127.31 GBP
2019-06-30T17:04:57Z,Send,LTC,1.1869958,103.09,"","","",Sent 1.1869958 LTC to LWpYQHtHyYjLAkD6hw4wacxuaPivgRR7xk
2019-11-25T12:56:00Z,Send,LTC,0.9960042,35.78,"","","",Sent 0.9960042 LTC to LPgksru77en77X1nottus9um8AKCwkRWgZ
2021-10-05T14:08:25Z,Buy,LTC,0.444,126.82,56.31,59.30,2.99,Bought 0.4440 LTC for £59.30 GBP
2021-10-05T14:09:33Z,Send,LTC,0.4424342,171.47,"","","",Sent 0.4424342 LTC to ME5eyQg5MbskfoSgXUXRLP4QNe11VHBcqW
2020-11-06T15:39:49Z,Coinbase Earn,MKR,0.00371767,537.22,2.00,2.00,0.00,Received 0.00371767 MKR from Coinbase Earn
2020-11-06T15:40:08Z,Coinbase Earn,MKR,0.00371767,537.22,2.00,2.00,0.00,Received 0.00371767 MKR from Coinbase Earn
2020-11-06T15:40:40Z,Coinbase Earn,MKR,0.00372193,537.22,2.00,2.00,0.00,Received 0.00372193 MKR from Coinbase Earn
2020-11-07T18:34:40Z,Convert,MKR,0.01115727,516.26,5.71,5.76,0.050000,Converted 0.01115727 MKR to 0.00037758 BTC
2020-09-19T19:04:23Z,Coinbase Earn,XLM,25.2735866,0.080000,2.02,2.02,0.00,Received 25.2735866 XLM from Coinbase Earn
2020-09-19T19:04:40Z,Coinbase Earn,XLM,25.2735866,0.080000,2.02,2.02,0.00,Received 25.2735866 XLM from Coinbase Earn
2020-09-19T19:05:02Z,Coinbase Earn,XLM,25.2735866,0.080000,2.02,2.02,0.00,Received 25.2735866 XLM from Coinbase Earn
2020-09-19T19:05:22Z,Coinbase Earn,XLM,25.2735866,0.080000,2.02,2.02,0.00,Received 25.2735866 XLM from Coinbase Earn
2020-09-19T19:05:37Z,Coinbase Earn,XLM,25.2735866,0.080000,2.02,2.02,0.00,Received 25.2735866 XLM from Coinbase Earn
2020-09-19T19:06:45Z,Convert,XLM,126.367933,0.080000,9.90,10.01,0.110000,Converted 126.367933 XLM to 0.00089583 BTC
2020-09-19T19:01:40Z,Coinbase Earn,EOS,0.7418,2.69,2.00,2.00,0.00,Received 0.7418 EOS from Coinbase Earn
2020-09-19T19:02:06Z,Coinbase Earn,EOS,0.7418,2.69,2.00,2.00,0.00,Received 0.7418 EOS from Coinbase Earn
2020-09-19T19:02:23Z,Coinbase Earn,EOS,0.7418,2.69,2.00,2.00,0.00,Received 0.7418 EOS from Coinbase Earn
2020-09-19T19:02:38Z,Coinbase Earn,EOS,0.7418,2.69,2.00,2.00,0.00,Received 0.7418 EOS from Coinbase Earn
2020-09-19T19:03:35Z,Convert,EOS,2.9672,2.69,7.92,7.99,0.070000,Converted 2.9672 EOS to 0.00071683 BTC
2020-09-19T19:03:36Z,Coinbase Earn,EOS,0.7416,2.69,1.99,1.99,0.00,Received 0.7416 EOS from Coinbase Earn
2020-11-29T19:18:31Z,Convert,EOS,0.7416,2.98,2.19,2.21,0.020000,Converted 0.7416 EOS to 0.00012115 BTC
2020-11-03T17:57:19Z,Coinbase Earn,COMP,0.03524851,85.22,3.00,3.00,0.00,Received 0.03524851 COMP from Coinbase Earn
2020-11-03T17:58:56Z,Coinbase Earn,COMP,0.03528167,85.22,3.01,3.01,0.00,Received 0.03528167 COMP from Coinbase Earn
2020-11-03T17:59:13Z,Coinbase Earn,COMP,0.03528167,85.22,3.01,3.01,0.00,Received 0.03528167 COMP from Coinbase Earn
2020-11-07T10:59:44Z,Convert,COMP,0.10581185,105.56,11.06,11.17,0.110000,Converted 0.10581185 COMP to 0.00071009 BTC
2020-11-06T15:41:12Z,Coinbase Earn,CGLD,1.17508813,1.70,2.00,2.00,0.00,Received 1.17508813 CGLD from Coinbase Earn
2020-11-06T15:41:32Z,Coinbase Earn,CGLD,1.17508813,1.70,2.00,2.00,0.00,Received 1.17508813 CGLD from Coinbase Earn
2020-11-06T15:43:00Z,Coinbase Earn,CGLD,1.17570983,1.70,2.00,2.00,0.00,Received 1.17570983 CGLD from Coinbase Earn
2020-11-07T18:34:18Z,Convert,CGLD,3.52588609,1.67,5.71,5.88,0.170000,Converted 3.52588609 CGLD to 0.00037793 BTC
2021-07-24T14:11:44Z,Coinbase Earn,BAL,0.05242632,19.09,1.00,1.00,0.00,Received 0.05242632 BAL from Coinbase Earn
2021-07-24T14:12:14Z,Coinbase Earn,BAL,0.05242632,19.09,1.00,1.00,0.00,Received 0.05242632 BAL from Coinbase Earn
2021-07-24T14:12:43Z,Coinbase Earn,BAL,0.05243352,19.08,1.00,1.00,0.00,Received 0.05243352 BAL from Coinbase Earn
2021-07-27T15:56:05Z,Convert,BAL,0.15728616,19.90,3.05,3.13,0.080000,Converted 0.15728616 BAL to 15.24277413 DOGE
2021-06-06T19:17:02Z,Coinbase Earn,GRT,1.2866701,0.780000,1.00,1.00,0.00,Received 1.2866701 GRT from Coinbase Earn
2021-06-06T19:17:56Z,Coinbase Earn,GRT,1.28799588,0.780000,1.00,1.00,0.00,Received 1.28799588 GRT from Coinbase Earn
2021-06-06T19:18:24Z,Coinbase Earn,GRT,1.28799588,0.780000,1.00,1.00,0.00,Received 1.28799588 GRT from Coinbase Earn
2021-07-05T11:28:25Z,Convert,GRT,3.86266186,0.770000,2.92,2.96,0.040000,Converted 3.86266186 GRT to 0.0000865 BTC
2021-07-16T21:51:28Z,Coinbase Earn,GRT,1.69894665,0.590000,1.00,1.00,0.00,Received 1.69894665 GRT from Coinbase Earn
2021-07-27T15:56:31Z,Convert,GRT,1.69894665,0.570000,0.950000,0.970000,0.020000,Converted 1.69894665 GRT to 4.72569514 DOGE
2021-06-06T13:35:24Z,Coinbase Earn,MATIC,0.64737489,1.54,1.00,1.00,0.00,Received 0.64737489 MATIC from Coinbase Earn
2021-06-06T13:35:55Z,Coinbase Earn,MATIC,0.64737489,1.54,1.00,1.00,0.00,Received 0.64737489 MATIC from Coinbase Earn
2021-06-06T13:36:31Z,Coinbase Earn,MATIC,0.64737489,1.55,1.00,1.00,0.00,Received 0.64737489 MATIC from Coinbase Earn
2021-07-05T11:28:53Z,Convert,MATIC,1.94212467,1.12,2.16,2.18,0.020000,Converted 1.94212467 MATIC to 0.00006394 BTC
2021-09-02T23:33:32Z,Coinbase Earn,ANKR,9.45447669,0.110000,1.04,1.04,0.00,Received 9.45447669 ANKR from Coinbase Earn
2021-09-02T23:35:12Z,Coinbase Earn,ANKR,9.45537065,0.110000,1.04,1.04,0.00,Received 9.45537065 ANKR from Coinbase Earn
2021-09-02T23:36:17Z,Coinbase Earn,ANKR,9.45805353,0.110000,1.04,1.04,0.00,Received 9.45805353 ANKR from Coinbase Earn
2021-09-02T23:37:35Z,Convert,ANKR,28.36790087,0.110000,2.97,3.00,0.030000,Converted 28.36790087 ANKR to 10.00310749 DOGE
2021-09-02T23:39:23Z,Buy,DOGE,129.93308515,0.215600,28.01,30.00,1.99,Bought 129.93308515 DOGE for £30.00 GBP
2021-10-01T18:37:36Z,Buy,DOGE,298.94333091,0.160600,48.01,50.00,1.99,Bought 298.94333091 DOGE for £50.00 GBP
2021-10-02T19:09:08Z,Buy,DOGE,288.82191221,0.166200,48.01,50.00,1.99,Bought 288.82191221 DOGE for £50.00 GBP
2021-10-08T22:02:00Z,Buy,DOGE,535.13194653,0.179700,96.16,100.00,3.84,Bought 535.13194653 DOGE for £100.00 GBP
2021-10-08T22:36:33Z,Buy,DOGE,531.26925064,0.181000,96.16,100.00,3.84,Bought 531.26925064 DOGE for £100.00 GBP
2021-10-08T22:50:47Z,Buy,DOGE,530.09230854,0.181400,96.16,100.00,3.84,Bought 530.09230854 DOGE for £100.00 GBP
2021-06-20T15:32:04Z,Coinbase Earn,AMP,11.50218542,0.090000,1.04,1.04,0.00,Received 11.50218542 AMP from Coinbase Earn
2021-06-20T15:32:39Z,Coinbase Earn,AMP,11.50218542,0.090000,1.04,1.04,0.00,Received 11.50218542 AMP from Coinbase Earn
2021-06-20T15:33:09Z,Coinbase Earn,AMP,11.34944955,0.090000,1.02,1.02,0.00,Received 11.34944955 AMP from Coinbase Earn
2021-07-05T11:29:18Z,Convert,AMP,34.35382039,0.060000,1.89,1.91,0.020000,Converted 34.35382039 AMP to 0.000056 BTC
2021-09-17T11:20:34Z,Coinbase Earn,CHZ,3.0284676,0.330000,1.00,1.00,0.00,Received 3.0284676 CHZ from Coinbase Earn
2021-09-17T11:21:38Z,Convert,CHZ,9.08907589,0.330000,2.98,3.01,0.030000,Converted 9.08907589 CHZ to 0.00085857 ETH
2021-06-27T00:54:27Z,Coinbase Earn,BOND,0.03588088,27.96,1.00,1.00,0.00,Received 0.03588088 BOND from Coinbase Earn
2021-06-27T00:55:20Z,Coinbase Earn,BOND,0.0358423,27.96,1.00,1.00,0.00,Received 0.0358423 BOND from Coinbase Earn
2021-06-27T15:54:13Z,Coinbase Earn,BOND,0.0333667,30.16,1.01,1.01,0.00,Received 0.0333667 BOND from Coinbase Earn
2021-07-01T07:33:45Z,Convert,BOND,0.10508988,38.82,4.02,4.08,0.060000,Converted 0.10508988 BOND to 0.0001201 BTC
2021-08-27T17:35:52Z,Coinbase Earn,RLY,1.68265186,0.600000,1.01,1.01,0.00,Received 1.68265186 RLY from Coinbase Earn
2021-08-27T17:36:27Z,Coinbase Earn,RLY,1.68265186,0.600000,1.01,1.01,0.00,Received 1.68265186 RLY from Coinbase Earn
2021-08-27T17:37:09Z,Coinbase Earn,RLY,1.68152009,0.600000,1.01,1.01,0.00,Received 1.68152009 RLY from Coinbase Earn
2021-08-27T17:37:47Z,Convert,RLY,5.04682381,0.590000,2.97,3.00,0.030000,Converted 5.04682381 RLY to 10.4670042 DOGE
2021-07-17T13:47:51Z,Buy,CLV,2.97086149,1.35,4.01,5.00,0.990000,Bought 2.97086149 CLV for £5.00 GBP
2021-07-17T13:55:31Z,Convert,CLV,2.97086149,1.96,5.74,5.81,0.070000,Converted 2.97086149 CLV to 0.00018132 BTC
2021-07-21T11:01:30Z,Coinbase Earn,CLV,0.76923077,1.30,1.00,1.00,0.00,Received 0.76923077 CLV from Coinbase Earn
2021-07-21T11:02:09Z,Coinbase Earn,CLV,0.7751938,1.30,1.01,1.01,0.00,Received 0.7751938 CLV from Coinbase Earn
2021-07-21T11:02:48Z,Coinbase Earn,CLV,0.7751938,1.30,1.01,1.01,0.00,Received 0.7751938 CLV from Coinbase Earn
2021-07-27T15:55:39Z,Convert,CLV,2.31961837,1.16,2.63,2.69,0.060000,Converted 2.31961837 CLV to 13.1366674 DOGE
2021-08-17T14:25:59Z,Coinbase Earn,FET,1.90294957,0.530000,1.01,1.01,0.00,Received 1.90294957 FET from Coinbase Earn
2021-08-17T14:26:31Z,Coinbase Earn,FET,1.90294957,0.530000,1.01,1.01,0.00,Received 1.90294957 FET from Coinbase Earn
2021-08-17T14:27:03Z,Coinbase Earn,FET,1.90439916,0.530000,1.01,1.01,0.00,Received 1.90439916 FET from Coinbase Earn
2021-08-17T14:28:29Z,Convert,FET,5.7102983,0.520000,2.96,2.99,0.030000,Converted 5.7102983 FET to 9.1884575 DOGE
